{"latitude":40.014984,"longitude":-105.270546,"timezone":"America/Denver","currently":{"time":1539874253,"summary":"Clear","icon":"clear-day","nearestStormDistance":33,"nearestStormBearing":214,"precipIntensity":0,"precipProbability":0,"temperature":44.04,"apparentTemperature":42.27,"dewPoint":27.74,"humidity":0.52,"pressure":1023.08,"windSpeed":3.68,"windGust":7.1,"windBearing":175,"cloudCover":0.01,"uvIndex":1,"visibility":10,"ozone":271.58},"minutely":{"summary":"Clear for the hour.","icon":"clear-day","data":[{"time":1539874200,"precipIntensity":0,"precipProbability":0},{"time":1539874260,"precipIntensity":0,"precipProbability":0},{"time":1539874320,"precipIntensity":0,"precipProbability":0},{"time":1539874380,"precipIntensity":0,"precipProbability":0},{"time":1539874440,"precipIntensity":0,"precipProbability":0},{"time":1539874500,"precipIntensity":0,"precipProbability":0},{"time":1539874560,"precipIntensity":0,"precipProbability":0},{"time":1539874620,"precipIntensity":0,"precipProbability":0},{"time":1539874680,"precipIntensity":0,"precipProbability":0},{"time":1539874740,"precipIntensity":0,"precipProbability":0},{"time":1539874800,"precipIntensity":0,"precipProbability":0},{"time":1539874860,"precipIntensity":0,"precipProbability":0},{"time":1539874920,"precipIntensity":0,"precipProbability":0},{"time":1539874980,"precipIntensity":0,"precipProbability":0},{"time":1539875040,"precipIntensity":0,"precipProbability":0},{"time":1539875100,"precipIntensity":0,"precipProbability":0},{"time":1539875160,"precipIntensity":0,"precipProbability":0},{"time":1539875220,"precipIntensity":0,"precipProbability":0},{"time":1539875280,"precipIntensity":0,"precipProbability":0},{"time":1539875340,"precipIntensity":0,"precipProbability":0},{"time":1539875400,"precipIntensity":0,"precipProbability":0},{"time":1539875460,"precipIntensity":0,"precipProbability":0},{"time":1539875520,"precipIntensity":0,"precipProbability":0},{"time":1539875580,"precipIntensity":0,"precipProbability":0},{"time":1539875640,"precipIntensity":0,"precipProbability":0},{"time":1539875700,"precipIntensity":0,"precipProbability":0},{"time":1539875760,"precipIntensity":0,"precipProbability":0},{"time":1539875820,"precipIntensity":0,"precipProbability":0},{"time":1539875880,"precipIntensity":0,"precipProbability":0},{"time":1539875940,"precipIntensity":0,"precipProbability":0},{"time":1539876000,"precipIntensity":0,"precipProbability":0},{"time":1539876060,"precipIntensity":0,"precipProbability":0},{"time":1539876120,"precipIntensity":0,"precipProbability":0},{"time":1539876180,"precipIntensity":0,"precipProbability":0},{"time":1539876240,"precipIntensity":0,"precipProbability":0},{"time":1539876300,"precipIntensity":0,"precipProbability":0},{"time":1539876360,"precipIntensity":0,"precipProbability":0},{"time":1539876420,"precipIntensity":0,"precipProbability":0},{"time":1539876480,"precipIntensity":0,"precipProbability":0},{"time":1539876540,"precipIntensity":0,"precipProbability":0},{"time":1539876600,"precipIntensity":0,"precipProbability":0},{"time":1539876660,"precipIntensity":0,"precipProbability":0},{"time":1539876720,"precipIntensity":0,"precipProbability":0},{"time":1539876780,"precipIntensity":0,"precipProbability":0},{"time":1539876840,"precipIntensity":0,"precipProbability":0},{"time":1539876900,"precipIntensity":0,"precipProbability":0},{"time":1539876960,"precipIntensity":0,"precipProbability":0},{"time":1539877020,"precipIntensity":0,"precipProbability":0},{"time":1539877080,"precipIntensity":0,"precipProbability":0},{"time":1539877140,"precipIntensity":0,"precipProbability":0},{"time":1539877200,"precipIntensity":0,"precipProbability":0},{"time":1539877260,"precipIntensity":0,"precipProbability":0},{"time":1539877320,"precipIntensity":0,"precipProbability":0},{"time":1539877380,"precipIntensity":0,"precipProbability":0},{"time":1539877440,"precipIntensity":0,"precipProbability":0},{"time":1539877500,"precipIntensity":0,"precipProbability":0},{"time":1539877560,"precipIntensity":0,"precipProbability":0},{"time":1539877620,"precipIntensity":0,"precipProbability":0},{"time":1539877680,"precipIntensity":0,"precipProbability":0},{"time":1539877740,"precipIntensity":0,"precipProbability":0},{"time":1539877800,"precipIntensity":0,"precipProbability":0}]},"hourly":{"summary":"Partly cloudy starting this afternoon, continuing until tomorrow morning.","icon":"partly-cloudy-night","data":[{"time":1539871200,"summary":"Clear","icon":"clear-day","precipIntensity":0,"precipProbability":0,"temperature":39.25,"apparentTemperature":39.25,"dewPoint":27.04,"humidity":0.61,"pressure":1023.48,"windSpeed":2.74,"windGust":7.43,"windBearing":154,"cloudCover":0.01,"uvIndex":0,"visibility":10,"ozone":271.19},{"time":1539874800,"summary":"Clear","icon":"clear-day","precipIntensity":0,"precipProbability":0,"temperature":44.9,"apparentTemperature":43.08,"dewPoint":27.79,"humidity":0.51,"pressure":1023.01,"windSpeed":3.88,"windGust":7.04,"windBearing":179,"cloudCover":0.01,"uvIndex":1,"visibility":10,"ozone":271.65},{"time":1539878400,"summary":"Clear","icon":"clear-day","precipIntensity":0,"precipProbability":0,"temperature":49.75,"apparentTemperature":49.75,"dewPoint":28.72,"humidity":0.44,"pressure":1021.84,"windSpeed":2.21,"windGust":5.92,"windBearing":126,"cloudCover":0.01,"uvIndex":2,"visibility":10,"ozone":272},{"time":1539882000,"summary":"Clear","icon":"clear-day","precipIntensity":0.0015,"precipProbability":0.01,"precipType":"rain","temperature":55.22,"apparentTemperature":55.22,"dewPoint":29.28,"humidity":0.37,"pressure":1020.47,"windSpeed":1.81,"windGust":4.4,"windBearing":259,"cloudCover":0.01,"uvIndex":4,"visibility":10,"ozone":272.34},{"time":1539885600,"summary":"Clear","icon":"clear-day","precipIntensity":0.0015,"precipProbability":0.01,"precipType":"rain","temperature":60.23,"apparentTemperature":60.23,"dewPoint":29.4,"humidity":0.31,"pressure":1019.33,"windSpeed":1.55,"windGust":4.26,"windBearing":275,"cloudCover":0.12,"uvIndex":5,"visibility":10,"ozone":272.81},{"time":1539889200,"summary":"Clear","icon":"clear-day","precipIntensity":0.0008,"precipProbability":0.01,"precipType":"rain","temperature":63.85,"apparentTemperature":63.85,"dewPoint":28.66,"humidity":0.26,"pressure":1018.2,"windSpeed":2.67,"windGust":4.17,"windBearing":212,"cloudCover":0.11,"uvIndex":5,"visibility":10,"ozone":273.44},{"time":1539892800,"summary":"Partly Cloudy","icon":"partly-cloudy-day","precipIntensity":0.0016,"precipProbability":0.02,"precipType":"rain","temperature":65.41,"apparentTemperature":65.41,"dewPoint":27.73,"humidity":0.24,"pressure":1017.22,"windSpeed":4.98,"windGust":5.13,"windBearing":78,"cloudCover":0.26,"uvIndex":4,"visibility":10,"ozone":274.09},{"time":1539896400,"summary":"Partly Cloudy","icon":"partly-cloudy-day","precipIntensity":0.0008,"precipProbability":0.01,"precipType":"rain","temperature":65.36,"apparentTemperature":65.36,"dewPoint":27.4,"humidity":0.24,"pressure":1016.45,"windSpeed":5.98,"windGust":6.15,"windBearing":33,"cloudCover":0.31,"uvIndex":3,"visibility":10,"ozone":274.84},{"time":1539900000,"summary":"Partly Cloudy","icon":"partly-cloudy-day","precipIntensity":0.0021,"precipProbability":0.02,"precipType":"rain","temperature":64.59,"apparentTemperature":64.59,"dewPoint":28.08,"humidity":0.25,"pressure":1015.98,"windSpeed":5.75,"windGust":5.95,"windBearing":119,"cloudCover":0.3,"uvIndex":1,"visibility":10,"ozone":275.65},{"time":1539903600,"summary":"Partly Cloudy","icon":"partly-cloudy-day","precipIntensity":0.0006,"precipProbability":0.02,"precipType":"rain","temperature":62.2,"apparentTemperature":62.2,"dewPoint":29.09,"humidity":0.28,"pressure":1015.84,"windSpeed":5.05,"windGust":5.38,"windBearing":355,"cloudCover":0.37,"uvIndex":0,"visibility":10,"ozone":276.34},{"time":1539907200,"summary":"Partly Cloudy","icon":"partly-cloudy-day","precipIntensity":0.0009,"precipProbability":0.02,"precipType":"rain","temperature":59.17,"apparentTemperature":59.17,"dewPoint":30.9,"humidity":0.34,"pressure":1016.05,"windSpeed":4.51,"windGust":4.69,"windBearing":253,"cloudCover":0.4,"uvIndex":0,"visibility":10,"ozone":276.45},{"time":1539910800,"summary":"Partly Cloudy","icon":"partly-cloudy-night","precipIntensity":0.0022,"precipProbability":0.03,"precipType":"rain","temperature":57.04,"apparentTemperature":57.04,"dewPoint":31.8,"humidity":0.38,"pressure":1017.02,"windSpeed":5,"windGust":6.88,"windBearing":286,"cloudCover":0.44,"uvIndex":0,"visibility":10,"ozone":275.4},{"time":1539914400,"summary":"Partly Cloudy","icon":"partly-cloudy-night","precipIntensity":0.0061,"precipProbability":0.05,"precipType":"rain","temperature":54.62,"apparentTemperature":54.62,"dewPoint":33.03,"humidity":0.44,"pressure":1018.54,"windSpeed":8.95,"windGust":15,"windBearing":97,"cloudCover":0.48,"uvIndex":0,"visibility":10,"ozone":273.97},{"time":1539918000,"summary":"Mostly Cloudy","icon":"partly-cloudy-night","precipIntensity":0.0088,"precipProbability":0.05,"precipType":"rain","temperature":53.58,"apparentTemperature":53.58,"dewPoint":32.61,"humidity":0.45,"pressure":1019.5,"windSpeed":8.22,"windGust":11.65,"windBearing":106,"cloudCover":0.68,"uvIndex":0,"visibility":10,"ozone":272.69},{"time":1539921600,"summary":"Mostly Cloudy","icon":"partly-cloudy-night","precipIntensity":0.006,"precipProbability":0.04,"precipType":"rain","temperature":52.89,"apparentTemperature":52.89,"dewPoint":32.47,"humidity":0.46,"pressure":1020.26,"windSpeed":9.62,"windGust":15.53,"windBearing":186,"cloudCover":0.69,"uvIndex":0,"visibility":10,"ozone":271.88},{"time":1539925200,"summary":"Mostly Cloudy","icon":"partly-cloudy-night","precipIntensity":0.0031,"precipProbability":0.03,"precipType":"rain","temperature":50.14,"apparentTemperature":50.14,"dewPoint":31.6,"humidity":0.49,"pressure":1021.18,"windSpeed":8.27,"windGust":11.07,"windBearing":113,"cloudCover":0.92,"uvIndex":0,"visibility":10,"ozone":271.32},{"time":1539928800,"summary":"Mostly Cloudy","icon":"partly-cloudy-night","precipIntensity":0.0014,"precipProbability":0.02,"precipType":"rain","temperature":49.42,"apparentTemperature":45.7,"dewPoint":31.49,"humidity":0.5,"pressure":1021.49,"windSpeed":8.91,"windGust":12.12,"windBearing":151,"cloudCover":0.9,"uvIndex":0,"visibility":10,"ozone":271.4},{"time":1539932400,"summary":"Mostly Cloudy","icon":"partly-cloudy-night","precipIntensity":0.0006,"precipProbability":0.02,"precipType":"rain","temperature":48.7,"apparentTemperature":44.68,"dewPoint":31.15,"humidity":0.5,"pressure":1021.75,"windSpeed":9.27,"windGust":14.4,"windBearing":146,"cloudCover":0.64,"uvIndex":0,"visibility":10,"ozone":272.58},{"time":1539936000,"summary":"Partly Cloudy","icon":"partly-cloudy-night","precipIntensity":0.0002,"precipProbability":0.01,"precipType":"rain","temperature":48,"apparentTemperature":43.67,"dewPoint":30.64,"humidity":0.51,"pressure":1022,"windSpeed":9.67,"windGust":17.09,"windBearing":166,"cloudCover":0.58,"uvIndex":0,"visibility":10,"ozone":274.37},{"time":1539939600,"summary":"Partly Cloudy","icon":"partly-cloudy-night","precipIntensity":0,"precipProbability":0,"temperature":47.24,"apparentTemperature":42.56,"dewPoint":30.02,"humidity":0.51,"pressure":1022.3,"windSpeed":10.14,"windGust":19.09,"windBearing":221,"cloudCover":0.53,"uvIndex":0,"visibility":10,"ozone":276.21},{"time":1539943200,"summary":"Partly Cloudy","icon":"partly-cloudy-night","precipIntensity":0,"precipProbability":0,"temperature":45.79,"apparentTemperature":40.52,"dewPoint":29.3,"humidity":0.52,"pressure":1022.91,"windSpeed":10.82,"windGust":19.85,"windBearing":260,"cloudCover":0.43,"uvIndex":0,"visibility":10,"ozone":278.05},{"time":1539946800,"summary":"Partly Cloudy","icon":"partly-cloudy-night","precipIntensity":0,"precipProbability":0,"temperature":43.98,"apparentTemperature":38.03,"dewPoint":28.51,"humidity":0.54,"pressure":1023.76,"windSpeed":11.48,"windGust":19.89,"windBearing":298,"cloudCover":0.31,"uvIndex":0,"visibility":10,"ozone":279.83},{"time":1539950400,"summary":"Clear","icon":"clear-night","precipIntensity":0,"precipProbability":0,"temperature":43.08,"apparentTemperature":36.78,"dewPoint":28.05,"humidity":0.55,"pressure":1024.64,"windSpeed":11.82,"windGust":19.58,"windBearing":317,"cloudCover":0.21,"uvIndex":0,"visibility":10,"ozone":280.79},{"time":1539954000,"summary":"Clear","icon":"clear-night","precipIntensity":0,"precipProbability":0,"temperature":42.65,"apparentTemperature":36.05,"dewPoint":28.33,"humidity":0.57,"pressure":1025.74,"windSpeed":12.37,"windGust":19.14,"windBearing":334,"cloudCover":0.19,"uvIndex":0,"visibility":10,"ozone":280.38},{"time":1539957600,"summary":"Clear","icon":"clear-day","precipIntensity":0,"precipProbability":0,"temperature":43.38,"apparentTemperature":37.29,"dewPoint":29,"humidity":0.57,"pressure":1026.46,"windSpeed":11.45,"windGust":18.34,"windBearing":268,"cloudCover":0.09,"uvIndex":0,"visibility":10,"ozone":279.03},{"time":1539961200,"summary":"Clear","icon":"clear-day","precipIntensity":0,"precipProbability":0,"temperature":45.82,"apparentTemperature":40.77,"dewPoint":29.34,"humidity":0.52,"pressure":1026.8,"windSpeed":10.25,"windGust":16.78,"windBearing":225,"cloudCover":0.02,"uvIndex":1,"visibility":10,"ozone":277.72},{"time":1539964800,"summary":"Clear","icon":"clear-day","precipIntensity":0,"precipProbability":0,"temperature":50.79,"apparentTemperature":50.79,"dewPoint":29.03,"humidity":0.43,"pressure":1026.5,"windSpeed":8.34,"windGust":13.75,"windBearing":93,"cloudCover":0.02,"uvIndex":2,"visibility":10,"ozone":277.01},{"time":1539968400,"summary":"Clear","icon":"clear-day","precipIntensity":0.0002,"precipProbability":0.01,"precipType":"rain","temperature":56.15,"apparentTemperature":56.15,"dewPoint":28.38,"humidity":0.34,"pressure":1025.85,"windSpeed":6.18,"windGust":10.1,"windBearing":352,"cloudCover":0.01,"uvIndex":4,"visibility":10,"ozone":276.23},{"time":1539972000,"summary":"Clear","icon":"clear-day","precipIntensity":0.0002,"precipProbability":0.01,"precipType":"rain","temperature":61.01,"apparentTemperature":61.01,"dewPoint":27.6,"humidity":0.28,"pressure":1025.21,"windSpeed":4.85,"windGust":7.51,"windBearing":287,"cloudCover":0.01,"uvIndex":5,"visibility":10,"ozone":275.65},{"time":1539975600,"summary":"Clear","icon":"clear-day","precipIntensity":0.0002,"precipProbability":0.01,"precipType":"rain","temperature":64.01,"apparentTemperature":64.01,"dewPoint":26.68,"humidity":0.24,"pressure":1024.68,"windSpeed":5,"windGust":6.74,"windBearing":204,"cloudCover":0.01,"uvIndex":5,"visibility":10,"ozone":275.4},{"time":1539979200,"summary":"Clear","icon":"clear-day","precipIntensity":0.0002,"precipProbability":0.01,"precipType":"rain","temperature":65.5,"apparentTemperature":65.5,"dewPoint":25.67,"humidity":0.22,"pressure":1024.25,"windSpeed":5.91,"windGust":6.86,"windBearing":120,"cloudCover":0.01,"uvIndex":4,"visibility":10,"ozone":275.35},{"time":1539982800,"summary":"Clear","icon":"clear-day","precipIntensity":0,"precipProbability":0,"temperature":65.09,"apparentTemperature":65.09,"dewPoint":25.24,"humidity":0.22,"pressure":1024.01,"windSpeed":6.25,"windGust":6.69,"windBearing":46,"cloudCover":0,"uvIndex":3,"visibility":10,"ozone":274.94},{"time":1539986400,"summary":"Clear","icon":"clear-day","precipIntensity":0,"precipProbability":0,"temperature":63.86,"apparentTemperature":63.86,"dewPoint":25.93,"humidity":0.24,"pressure":1024.02,"windSpeed":5.37,"windGust":5.61,"windBearing":70,"cloudCover":0.01,"uvIndex":1,"visibility":10,"ozone":274.07},{"time":1539990000,"summary":"Clear","icon":"clear-day","precipIntensity":0,"precipProbability":0,"temperature":60.84,"apparentTemperature":60.84,"dewPoint":27.11,"humidity":0.28,"pressure":1024.25,"windSpeed":4,"windGust":4.22,"windBearing":135,"cloudCover":0.01,"uvIndex":0,"visibility":10,"ozone":272.93},{"time":1539993600,"summary":"Clear","icon":"clear-day","precipIntensity":0,"precipProbability":0,"temperature":58.12,"apparentTemperature":58.12,"dewPoint":27.7,"humidity":0.31,"pressure":1024.72,"windSpeed":3.02,"windGust":3.29,"windBearing":187,"cloudCover":0.01,"uvIndex":0,"visibility":10,"ozone":271.66},{"time":1539997200,"summary":"Clear","icon":"clear-night","precipIntensity":0,"precipProbability":0,"temperature":54.61,"apparentTemperature":54.61,"dewPoint":26.89,"humidity":0.34,"pressure":1025.72,"windSpeed":2.81,"windGust":3.15,"windBearing":216,"cloudCover":0.01,"uvIndex":0,"visibility":10,"ozone":269.91},{"time":1540000800,"summary":"Clear","icon":"clear-night","precipIntensity":0.0002,"precipProbability":0.01,"precipType":"rain","temperature":51.01,"apparentTemperature":51.01,"dewPoint":25.43,"humidity":0.37,"pressure":1026.99,"windSpeed":2.99,"windGust":3.47,"windBearing":147,"cloudCover":0,"uvIndex":0,"visibility":10,"ozone":267.9},{"time":1540004400,"summary":"Clear","icon":"clear-night","precipIntensity":0.0002,"precipProbability":0.01,"precipType":"rain","temperature":48.23,"apparentTemperature":47.32,"dewPoint":24.27,"humidity":0.39,"pressure":1028.06,"windSpeed":3.39,"windGust":3.85,"windBearing":179,"cloudCover":0,"uvIndex":0,"visibility":10,"ozone":265.89},{"time":1540008000,"summary":"Clear","icon":"clear-night","precipIntensity":0,"precipProbability":0,"temperature":46.53,"apparentTemperature":45.34,"dewPoint":23.71,"humidity":0.4,"pressure":1028.8,"windSpeed":3.43,"windGust":4.16,"windBearing":30,"cloudCover":0,"uvIndex":0,"visibility":10,"ozone":263.9},{"time":1540011600,"summary":"Clear","icon":"clear-night","precipIntensity":0,"precipProbability":0,"temperature":45.18,"apparentTemperature":44.07,"dewPoint":23.38,"humidity":0.42,"pressure":1029.38,"windSpeed":3.14,"windGust":4.5,"windBearing":10,"cloudCover":0,"uvIndex":0,"visibility":10,"ozone":262.01},{"time":1540015200,"summary":"Clear","icon":"clear-night","precipIntensity":0,"precipProbability":0,"temperature":44.09,"apparentTemperature":42.24,"dewPoint":23.11,"humidity":0.43,"pressure":1029.81,"windSpeed":3.78,"windGust":4.97,"windBearing":216,"cloudCover":0,"uvIndex":0,"visibility":10,"ozone":260.15},{"time":1540018800,"summary":"Clear","icon":"clear-night","precipIntensity":0,"precipProbability":0,"temperature":42.77,"apparentTemperature":40.32,"dewPoint":22.91,"humidity":0.45,"pressure":1030.01,"windSpeed":4.23,"windGust":5.62,"windBearing":241,"cloudCover":0,"uvIndex":0,"visibility":10,"ozone":258.38},{"time":1540022400,"summary":"Clear","icon":"clear-night","precipIntensity":0,"precipProbability":0,"temperature":41.31,"apparentTemperature":38.19,"dewPoint":22.76,"humidity":0.47,"pressure":1030.01,"windSpeed":4.77,"windGust":6.4,"windBearing":271,"cloudCover":0,"uvIndex":0,"visibility":10,"ozone":256.84},{"time":1540026000,"summary":"Clear","icon":"clear-night","precipIntensity":0,"precipProbability":0,"temperature":39.83,"apparentTemperature":36.09,"dewPoint":22.61,"humidity":0.5,"pressure":1030.05,"windSpeed":5.24,"windGust":6.97,"windBearing":300,"cloudCover":0,"uvIndex":0,"visibility":10,"ozone":255.44},{"time":1540029600,"summary":"Clear","icon":"clear-night","precipIntensity":0,"precipProbability":0,"temperature":38.25,"apparentTemperature":34.38,"dewPoint":22.37,"humidity":0.52,"pressure":1030.16,"windSpeed":5.05,"windGust":7.28,"windBearing":269,"cloudCover":0,"uvIndex":0,"visibility":10,"ozone":254.53},{"time":1540033200,"summary":"Clear","icon":"clear-night","precipIntensity":0,"precipProbability":0,"temperature":36.61,"apparentTemperature":32.16,"dewPoint":22.12,"humidity":0.55,"pressure":1030.26,"windSpeed":5.4,"windGust":7.42,"windBearing":299,"cloudCover":0,"uvIndex":0,"visibility":10,"ozone":253.78},{"time":1540036800,"summary":"Clear","icon":"clear-night","precipIntensity":0,"precipProbability":0,"temperature":35.95,"apparentTemperature":31.12,"dewPoint":22.16,"humidity":0.57,"pressure":1030.42,"windSpeed":5.74,"windGust":7.1,"windBearing":327,"cloudCover":0,"uvIndex":0,"visibility":10,"ozone":253.27},{"time":1540040400,"summary":"Clear","icon":"clear-night","precipIntensity":0,"precipProbability":0,"temperature":36.8,"apparentTemperature":32.73,"dewPoint":22.72,"humidity":0.56,"pressure":1030.75,"windSpeed":4.99,"windGust":6.02,"windBearing":281,"cloudCover":0,"uvIndex":0,"visibility":10,"ozone":253.15},{"time":1540044000,"summary":"Clear","icon":"clear-day","precipIntensity":0,"precipProbability":0,"temperature":39.63,"apparentTemperature":36.95,"dewPoint":23.56,"humidity":0.52,"pressure":1031.14,"windSpeed":3.93,"windGust":4.48,"windBearing":224,"cloudCover":0,"uvIndex":0,"visibility":10,"ozone":253.29}]},"daily":{"summary":"No precipitation throughout the week, with high temperatures bottoming out at 64°F on Saturday.","icon":"clear-day","data":[{"time":1539842400,"summary":"Partly cloudy starting in the afternoon.","icon":"partly-cloudy-night","sunriseTime":1539868568,"sunsetTime":1539908305,"moonPhase":0.31,"precipIntensity":0.0015,"precipIntensityMax":0.0088,"precipIntensityMaxTime":1539918000,"precipProbability":0.18,"precipType":"rain","temperatureHigh":65.41,"temperatureHighTime":1539892800,"temperatureLow":42.65,"temperatureLowTime":1539954000,"apparentTemperatureHigh":65.41,"apparentTemperatureHighTime":1539892800,"apparentTemperatureLow":36.05,"apparentTemperatureLowTime":1539954000,"dewPoint":29.1,"humidity":0.46,"pressure":1020.58,"windSpeed":1.96,"windGust":15.53,"windGustTime":1539921600,"windBearing":112,"cloudCover":0.21,"uvIndex":5,"uvIndexTime":1539885600,"visibility":10,"ozone":271.6,"temperatureMin":38.52,"temperatureMinTime":1539867600,"temperatureMax":65.41,"temperatureMaxTime":1539892800,"apparentTemperatureMin":38.52,"apparentTemperatureMinTime":1539867600,"apparentTemperatureMax":65.41,"apparentTemperatureMaxTime":1539892800},{"time":1539928800,"summary":"Partly cloudy in the morning.","icon":"partly-cloudy-night","sunriseTime":1539955032,"sunsetTime":1539994619,"moonPhase":0.34,"precipIntensity":0.0002,"precipIntensityMax":0.0014,"precipIntensityMaxTime":1539928800,"precipProbability":0.06,"precipType":"rain","temperatureHigh":65.5,"temperatureHighTime":1539979200,"temperatureLow":35.95,"temperatureLowTime":1540036800,"apparentTemperatureHigh":65.5,"apparentTemperatureHighTime":1539979200,"apparentTemperatureLow":31.12,"apparentTemperatureLowTime":1540036800,"dewPoint":27.62,"humidity":0.41,"pressure":1025.01,"windSpeed":3.92,"windGust":19.89,"windGustTime":1539946800,"windBearing":216,"cloudCover":0.17,"uvIndex":5,"uvIndexTime":1539972000,"visibility":10,"ozone":273.88,"temperatureMin":42.65,"temperatureMinTime":1539954000,"temperatureMax":65.5,"temperatureMaxTime":1539979200,"apparentTemperatureMin":36.05,"apparentTemperatureMinTime":1539954000,"apparentTemperatureMax":65.5,"apparentTemperatureMaxTime":1539979200},{"time":1540015200,"summary":"Clear throughout the day.","icon":"clear-day","sunriseTime":1540041497,"sunsetTime":1540080934,"moonPhase":0.37,"precipIntensity":0.0001,"precipIntensityMax":0.0003,"precipIntensityMaxTime":1540080000,"precipProbability":0.01,"precipType":"rain","temperatureHigh":64.19,"temperatureHighTime":1540065600,"temperatureLow":41.15,"temperatureLowTime":1540123200,"apparentTemperatureHigh":64.19,"apparentTemperatureHighTime":1540065600,"apparentTemperatureLow":35.48,"apparentTemperatureLowTime":1540123200,"dewPoint":24.79,"humidity":0.4,"pressure":1028.21,"windSpeed":1.31,"windGust":7.42,"windGustTime":1540033200,"windBearing":68,"cloudCover":0.01,"uvIndex":5,"uvIndexTime":1540058400,"visibility":10,"ozone":254.74,"temperatureMin":35.95,"temperatureMinTime":1540036800,"temperatureMax":64.19,"temperatureMaxTime":1540065600,"apparentTemperatureMin":31.12,"apparentTemperatureMinTime":1540036800,"apparentTemperatureMax":64.19,"apparentTemperatureMaxTime":1540065600},{"time":1540101600,"summary":"Partly cloudy until afternoon.","icon":"partly-cloudy-day","sunriseTime":1540127963,"sunsetTime":1540167250,"moonPhase":0.4,"precipIntensity":0,"precipIntensityMax":0,"precipProbability":0,"temperatureHigh":68.43,"temperatureHighTime":1540152000,"temperatureLow":37.71,"temperatureLowTime":1540209600,"apparentTemperatureHigh":68.43,"apparentTemperatureHighTime":1540152000,"apparentTemperatureLow":34.35,"apparentTemperatureLowTime":1540209600,"dewPoint":26.38,"humidity":0.36,"pressure":1020.54,"windSpeed":3.29,"windGust":13.53,"windGustTime":1540134000,"windBearing":184,"cloudCover":0.17,"uvIndex":5,"uvIndexTime":1540148400,"visibility":10,"ozone":254.07,"temperatureMin":41.15,"temperatureMinTime":1540123200,"temperatureMax":68.43,"temperatureMaxTime":1540152000,"apparentTemperatureMin":35.48,"apparentTemperatureMinTime":1540123200,"apparentTemperatureMax":68.43,"apparentTemperatureMaxTime":1540152000},{"time":1540188000,"summary":"Mostly cloudy throughout the day.","icon":"partly-cloudy-day","sunriseTime":1540214428,"sunsetTime":1540253566,"moonPhase":0.43,"precipIntensity":0.0001,"precipIntensityMax":0.0003,"precipIntensityMaxTime":1540252800,"precipProbability":0.02,"precipType":"rain","temperatureHigh":64.64,"temperatureHighTime":1540238400,"temperatureLow":36.19,"temperatureLowTime":1540296000,"apparentTemperatureHigh":64.64,"apparentTemperatureHighTime":1540238400,"apparentTemperatureLow":33.17,"apparentTemperatureLowTime":1540296000,"dewPoint":28.34,"humidity":0.45,"pressure":1019.59,"windSpeed":0.25,"windGust":8.07,"windGustTime":1540238400,"windBearing":346,"cloudCover":0.39,"uvIndex":4,"uvIndexTime":1540231200,"visibility":10,"ozone":261.13,"temperatureMin":37.71,"temperatureMinTime":1540209600,"temperatureMax":64.64,"temperatureMaxTime":1540238400,"apparentTemperatureMin":34.35,"apparentTemperatureMinTime":1540209600,"apparentTemperatureMax":64.64,"apparentTemperatureMaxTime":1540238400},{"time":1540274400,"summary":"Mostly cloudy throughout the day.","icon":"partly-cloudy-day","sunriseTime":1540300894,"sunsetTime":1540339884,"moonPhase":0.46,"precipIntensity":0.0001,"precipIntensityMax":0.0004,"precipIntensityMaxTime":1540328400,"precipProbability":0.04,"precipType":"rain","temperatureHigh":65.64,"temperatureHighTime":1540324800,"temperatureLow":43.51,"temperatureLowTime":1540382400,"apparentTemperatureHigh":65.64,"apparentTemperatureHighTime":1540324800,"apparentTemperatureLow":39.92,"apparentTemperatureLowTime":1540382400,"dewPoint":30.79,"humidity":0.5,"pressure":1017.79,"windSpeed":1.3,"windGust":6.83,"windGustTime":1540357200,"windBearing":37,"cloudCover":0.72,"uvIndex":4,"uvIndexTime":1540317600,"visibility":10,"ozone":270.32,"temperatureMin":36.19,"temperatureMinTime":1540296000,"temperatureMax":65.64,"temperatureMaxTime":1540324800,"apparentTemperatureMin":33.17,"apparentTemperatureMinTime":1540296000,"apparentTemperatureMax":65.64,"apparentTemperatureMaxTime":1540324800},{"time":1540360800,"summary":"Clear throughout the day.","icon":"clear-day","sunriseTime":1540387361,"sunsetTime":1540426204,"moonPhase":0.51,"precipIntensity":0.0001,"precipIntensityMax":0.0005,"precipIntensityMaxTime":1540382400,"precipProbability":0.02,"precipType":"rain","temperatureHigh":67.19,"temperatureHighTime":1540411200,"temperatureLow":38.42,"temperatureLowTime":1540468800,"apparentTemperatureHigh":67.19,"apparentTemperatureHighTime":1540411200,"apparentTemperatureLow":34.31,"apparentTemperatureLowTime":1540468800,"dewPoint":30.06,"humidity":0.43,"pressure":1015.92,"windSpeed":1.82,"windGust":7.8,"windGustTime":1540414800,"windBearing":99,"cloudCover":0.11,"uvIndex":4,"uvIndexTime":1540404000,"visibility":10,"ozone":277.49,"temperatureMin":43.51,"temperatureMinTime":1540382400,"temperatureMax":67.19,"temperatureMaxTime":1540411200,"apparentTemperatureMin":39.92,"apparentTemperatureMinTime":1540382400,"apparentTemperatureMax":67.19,"apparentTemperatureMaxTime":1540411200},{"time":1540447200,"summary":"Mostly cloudy starting in the evening.","icon":"partly-cloudy-night","sunriseTime":1540473827,"sunsetTime":1540512524,"moonPhase":0.53,"precipIntensity":0.0001,"precipIntensityMax":0.0007,"precipIntensityMaxTime":1540530000,"precipProbability":0.03,"precipType":"rain","temperatureHigh":67.57,"temperatureHighTime":1540497600,"temperatureLow":40.57,"temperatureLowTime":1540555200,"apparentTemperatureHigh":67.57,"apparentTemperatureHighTime":1540497600,"apparentTemperatureLow":37.14,"apparentTemperatureLowTime":1540555200,"dewPoint":26.44,"humidity":0.39,"pressure":1015.79,"windSpeed":2.29,"windGust":9.62,"windGustTime":1540501200,"windBearing":127,"cloudCover":0.3,"uvIndex":4,"uvIndexTime":1540490400,"visibility":10,"ozone":272.31,"temperatureMin":38.42,"temperatureMinTime":1540468800,"temperatureMax":67.57,"temperatureMaxTime":1540497600,"apparentTemperatureMin":34.31,"apparentTemperatureMinTime":1540468800,"apparentTemperatureMax":67.57,"apparentTemperatureMaxTime":1540497600}]},"flags":{"sources":["nearest-precip","nwspa","cmc","gfs","hrrr","icon","isd","madis","nam","sref","darksky"],"nearest-station":0.51,"units":"us"},"offset":-6}